{
    "aspect_ratio": 12.0,
    "bypass_ratio": 10.0,
    "R_div": 250,
    "t_loiter": 2700,
    "m_max_pl": 49442,
    "R_des": 14116.0,
    "m_pl_des": 27669,
    "R_ferry_req": 15811,
    "R_max_mtow_and_full_fuel": 13983,
    "m_pl_max_mtow_and_full_fuel": 26308,
    "m_oe_to_mto": 0.4841,
    "M_cruise": 0.82,
    "altitude_cr": 11887.2,
    "fuel_specific_energy": 43,
    "f_con": 0.05,
    "__comment_f_con_equivalent": "Fuel contingency for range",
    "c_f_equivalent": 0.00264,
    "__comment_c_f_equivalent": "Estimated from Figure 6.3 in reader",
    "S_wet_ratio": 6.0,
    "__comment_S_wet_ratio": "Estimated from Figure 6.3 in reader",
    "oswald_phi": 0.97,
    "__comment_oswald_phi": "Estimated from Figure 6.4 in reader",
    "oswald_psi": 0.0075,
    "__comment_oswald_psi": "Estimated from Figure 6.4 in reader",
    "climb_rt_req": 12.7,
    "altitude_climb_rt_req": 0,
    "approach_speed": 87.5,
    "num_engines": 2,
    "mass_fr_cr": 0.95,
    "mass_fr_climb": 0.95,
    "mass_fr_land": 0.79,
    "mass_fr_app": 0.79,
    "flap_deflection_takeoff": 15,
    "flap_deflection_landing": 35.0,
    "l_to": 2790,
    "l_lf": 1856,
    "cf_c_TE": 0.28,
    "take_off_angle_of_attack": 14,
    "landing_angle_of_attack": 12.0,
    "SwfS_TE": 0.55,
    "SwfS_LE": 0.75,
    "margin_fuselage": 0.7,
    "margin_ailerons": 0.5,
    "margin_wing_tip": 0.5,
    "Y_fuselage": 2.8,
    "Y_engine": 8,
    "dy_nacelle": 0.5,
    "CL_cl_ratio": 0.8,
    "technology_factor_for_slope": 0.95,
    "bank_angle_required": 30,
    "aileron_max_deflection": 22.5,
    "aileron_cf_ratio": 0.28,
    "aileron_effectiveness": 0.51,
    "aileron_start": 0.66,
    "aileron_end": 0.94
}