{
  "aspect_ratio": 9.4,
  "bypass_ratio": 10,

  "R_div": 250,
  "t_loiter": 2700,

  "m_max_pl": 49442,

  "R_des": 13797,
  "m_pl_des": 27669,

  "R_ferry_req": 15811,

  "R_max_mtow_and_full_fuel": 13983,
  "m_pl_max_mtow_and_full_fuel": 26308,

  "m_oe_to_mto": 0.4841,

  "M_cruise": 0.82,
  "altitude_cr": 11887.2,

  "fuel_specific_energy": 43,

  "f_con": 0.05,
  "__comment_f_con_equivalent": "Fuel contingency for range",

  "c_f_equivalent": 0.00264,
  "__comment_c_f_equivalent": "Estimated from Figure 6.3 in reader",

  "S_wet_ratio": 6.0,
  "__comment_S_wet_ratio": "Estimated from Figure 6.3 in reader",

  "oswald_phi": 0.97,
  "__comment_oswald_phi": "Estimated from Figure 6.4 in reader",

  "oswald_psi": 0.0075,
  "__comment_oswald_psi": "Estimated from Figure 6.4 in reader",

  "climb_rt_req": 12.7,
  "altitude_climb_rt_req": 0,

  "approach_speed": 75,
  "num_engines": 2,

  "mass_fr_cr": 0.95,
  "mass_fr_climb": 0.95,
  "mass_fr_land": 0.79,
  "mass_fr_app": 0.79,

  "flap_deflection_takeoff": 15,
  "flap_deflection_landing": 35,

  "l_to": 2790,
  "l_lf": 1856,

  "temp": {

  "__comment__________": "BELOW ARE DESIGN OPTIONS AND TLAR",


  "airfoil_lift_curve_slope": 6.5088,

  "aileron_bank_angle_required": 30,
  "aileron_cf_ratio": 0.28,
  "aileron_effectiveness": 0.28,
  "aileron_start": 0.66,
  "aileron_end": 0.94
}}